run_id,waveform_type,cycle_id,smoothness_score,consistency_score,physical_plausibility_score,total_score,sample_count,start_time,end_time
P1_HIGH_HOLD_001,constant,0,0.9999999999998863,0.032195750160978746,1.0,0.6612685125562971,752,2026-03-16T18:27:01.659000+00:00,2026-03-16T18:27:39.320000+00:00
P1_LOW_HOLD_001,constant,0,0.9999999999999716,0.03229974160206719,1.0,0.6613049095607122,751,2026-03-16T18:25:49.389000+00:00,2026-03-16T18:26:27.076000+00:00
P1_MID_HOLD_001,constant,0,0.9999999999999432,1.0,1.0,0.9999999999999772,758,2026-03-16T18:26:25.458000+00:00,2026-03-16T18:27:03.258000+00:00
P2_HIGH_SQUARE_001,square,0,0.9999999999998863,0.93457943925233,1.0,0.9771028037382701,76,2026-03-16T18:32:00.030000+00:00,2026-03-16T18:32:03.747000+00:00
P2_HIGH_SQUARE_001,square,1,0.9999999999998863,0.04746084480303748,1.0,0.6666112956810177,510,2026-03-16T18:32:03.798000+00:00,2026-03-16T18:32:28.759000+00:00
P2_HIGH_SQUARE_001,square,2,0.9999999999998863,0.9090909090909021,1.0,0.9681818181817703,519,2026-03-16T18:32:28.805000+00:00,2026-03-16T18:32:53.922000+00:00
P2_HIGH_SQUARE_001,square,3,0.9999999999998863,0.047619047619047616,1.0,0.6666666666666212,511,2026-03-16T18:32:53.975000+00:00,2026-03-16T18:33:19.121000+00:00
P2_HIGH_SQUARE_001,square,4,0.9999999999998863,0.9090909090909021,1.0,0.9681818181817703,522,2026-03-16T18:33:19.167000+00:00,2026-03-16T18:33:44.272000+00:00
P2_HIGH_SQUARE_001,square,5,0.9999999999998863,0.047619047619047616,1.0,0.6666666666666212,566,2026-03-16T18:33:44.325000+00:00,2026-03-16T18:34:12.287000+00:00
P2_LOW_SQUARE_001,square,0,0.9999999999998863,0.09041591320072331,1.0,0.6816455696202077,82,2026-03-16T18:27:37.791000+00:00,2026-03-16T18:27:41.644000+00:00
P2_LOW_SQUARE_001,square,1,0.9999999999999147,0.02442002442002442,1.0,0.6585470085469745,505,2026-03-16T18:27:41.691000+00:00,2026-03-16T18:28:07.220000+00:00
P2_LOW_SQUARE_001,square,2,0.9999999999999858,0.016423057973394647,1.0,0.6557480702906825,510,2026-03-16T18:28:07.271000+00:00,2026-03-16T18:28:32.406000+00:00
P2_LOW_SQUARE_001,square,3,0.9999999999999432,0.024390243902439025,1.0,0.6585365853658309,502,2026-03-16T18:28:32.452000+00:00,2026-03-16T18:28:57.457000+00:00
P2_LOW_SQUARE_001,square,4,0.9999999999999858,0.01640419947506562,1.0,0.6557414698162674,501,2026-03-16T18:28:57.505000+00:00,2026-03-16T18:29:22.047000+00:00
P2_LOW_SQUARE_001,square,5,0.9999999999999432,0.024390243902439025,1.0,0.6585365853658309,573,2026-03-16T18:29:22.093000+00:00,2026-03-16T18:29:50.121000+00:00
P2_MID_SQUARE_001,square,0,0.9999999999999432,0.024390243902439025,1.0,0.6585365853658309,82,2026-03-16T18:29:48.587000+00:00,2026-03-16T18:29:52.503000+00:00
P2_MID_SQUARE_001,square,1,0.9999999999998863,1.0,1.0,0.9999999999999545,519,2026-03-16T18:29:52.549000+00:00,2026-03-16T18:30:18.365000+00:00
P2_MID_SQUARE_001,square,2,0.9999999999999432,0.024455857177794083,1.0,0.6585595500122052,501,2026-03-16T18:30:18.412000+00:00,2026-03-16T18:30:43.185000+00:00
P2_MID_SQUARE_001,square,3,0.9999999999998863,1.0,1.0,0.9999999999999545,512,2026-03-16T18:30:43.231000+00:00,2026-03-16T18:31:08.379000+00:00
P2_MID_SQUARE_001,square,4,0.9999999999999432,0.02444987775061125,1.0,0.6585574572126912,507,2026-03-16T18:31:08.427000+00:00,2026-03-16T18:31:33.960000+00:00
P2_MID_SQUARE_001,square,5,0.9999999999998863,0.93457943925233,1.0,0.9771028037382701,564,2026-03-16T18:31:34.008000+00:00,2026-03-16T18:32:01.313000+00:00
P3_HIGH_TRIANGLE_001,triangle,0,0.9999999999997726,0.08886694643297949,1.0,0.6811034312514519,232,2026-03-16T18:38:31.925000+00:00,2026-03-16T18:38:43.029000+00:00
P3_HIGH_TRIANGLE_001,triangle,1,0.9999999999998863,0.02922932025591893,1.0,0.6602302620895262,21,2026-03-16T18:38:43.076000+00:00,2026-03-16T18:38:44.024000+00:00
P3_HIGH_TRIANGLE_001,triangle,2,0.8628019323674354,0.029257523838232498,1.0,0.6053609062903555,21,2026-03-16T18:38:44.070000+00:00,2026-03-16T18:38:45.020000+00:00
P3_HIGH_TRIANGLE_001,triangle,3,0.9983914209114301,0.0321434311326988,1.0,0.6606067692610167,22,2026-03-16T18:38:45.068000+00:00,2026-03-16T18:38:46.070000+00:00
P3_HIGH_TRIANGLE_001,triangle,4,0.9140049140047956,0.03378378378378377,1.0,0.6274262899262426,21,2026-03-16T18:38:46.117000+00:00,2026-03-16T18:38:47.095000+00:00
P3_HIGH_TRIANGLE_001,triangle,5,0.9871451526517219,0.03569838113250409,1.0,0.6573524944570652,21,2026-03-16T18:38:47.151000+00:00,2026-03-16T18:38:48.118000+00:00
P3_HIGH_TRIANGLE_001,triangle,6,0.9469237435009557,0.0379794910748196,1.0,0.6420623192765691,21,2026-03-16T18:38:48.166000+00:00,2026-03-16T18:38:49.116000+00:00
P3_HIGH_TRIANGLE_001,triangle,7,0.9479505530253386,0.040371417036737973,1.0,0.6433102171729937,21,2026-03-16T18:38:49.163000+00:00,2026-03-16T18:38:50.119000+00:00
P3_HIGH_TRIANGLE_001,triangle,8,0.9977174161148096,0.04321521175453761,1.0,0.6642122905600121,22,2026-03-16T18:38:50.166000+00:00,2026-03-16T18:38:51.170000+00:00
P3_HIGH_TRIANGLE_001,triangle,9,0.9999999999996589,0.046687762618664724,1.0,0.6663407169163962,21,2026-03-16T18:38:51.216000+00:00,2026-03-16T18:38:52.163000+00:00
P3_HIGH_TRIANGLE_001,triangle,10,0.9669719261373417,0.050542179746370146,1.0,0.6544785333661662,19,2026-03-16T18:38:52.217000+00:00,2026-03-16T18:38:53.159000+00:00
P3_HIGH_TRIANGLE_001,triangle,11,0.9860045146728318,0.055615946608691263,1.0,0.6638673871821748,20,2026-03-16T18:38:53.211000+00:00,2026-03-16T18:38:54.218000+00:00
P3_HIGH_TRIANGLE_001,triangle,12,0.9999999999996589,0.04054759735007117,1.0,0.6641916590723884,290,2026-03-16T18:38:54.270000+00:00,2026-03-16T18:39:08.422000+00:00
P3_HIGH_TRIANGLE_001,triangle,13,1.0,0.030145704237146204,1.0,0.6605509964830012,19,2026-03-16T18:39:08.473000+00:00,2026-03-16T18:39:09.437000+00:00
P3_HIGH_TRIANGLE_001,triangle,14,0.8362369337979545,0.030389631917094637,1.0,0.5951311446901649,22,2026-03-16T18:39:09.485000+00:00,2026-03-16T18:39:10.495000+00:00
P3_HIGH_TRIANGLE_001,triangle,15,0.9520801568286564,0.03270105782967373,1.0,0.6422774329718484,21,2026-03-16T18:39:10.543000+00:00,2026-03-16T18:39:11.503000+00:00
P3_HIGH_TRIANGLE_001,triangle,16,0.9689647528262336,0.034539361789348265,1.0,0.6496746777567654,21,2026-03-16T18:39:11.549000+00:00,2026-03-16T18:39:12.503000+00:00
P3_HIGH_TRIANGLE_001,triangle,17,0.9933719582850453,0.0366315275346982,1.0,0.6601698179511625,21,2026-03-16T18:39:12.550000+00:00,2026-03-16T18:39:13.509000+00:00
P3_HIGH_TRIANGLE_001,triangle,18,0.9605548268496256,0.03932831996567711,1.0,0.6479868427278372,22,2026-03-16T18:39:13.557000+00:00,2026-03-16T18:39:14.600000+00:00
P3_HIGH_TRIANGLE_001,triangle,19,0.9988574040217362,0.041957063937903556,1.0,0.6642279339869608,22,2026-03-16T18:39:14.647000+00:00,2026-03-16T18:39:15.633000+00:00
P3_HIGH_TRIANGLE_001,triangle,20,0.990452167832642,0.044662795891022775,1.0,0.6618128456949148,22,2026-03-16T18:39:15.680000+00:00,2026-03-16T18:39:16.682000+00:00
P3_HIGH_TRIANGLE_001,triangle,21,0.9999999999994316,0.04826254826254826,1.0,0.6668918918916645,21,2026-03-16T18:39:16.736000+00:00,2026-03-16T18:39:17.705000+00:00
P3_HIGH_TRIANGLE_001,triangle,22,0.9834801762114503,0.05263157894736842,1.0,0.661813123116159,22,2026-03-16T18:39:17.753000+00:00,2026-03-16T18:39:18.764000+00:00
P3_HIGH_TRIANGLE_001,triangle,23,0.9721246058101899,0.05813953488372094,1.0,0.6591986795333783,22,2026-03-16T18:39:18.810000+00:00,2026-03-16T18:39:19.842000+00:00
P3_HIGH_TRIANGLE_001,triangle,24,0.9999999999997726,0.039834465664903625,1.0,0.6639420629826254,279,2026-03-16T18:39:19.893000+00:00,2026-03-16T18:39:33.447000+00:00
P3_HIGH_TRIANGLE_001,triangle,25,0.9999999999998863,0.03018209866192695,1.0,0.660563734531629,22,2026-03-16T18:39:33.499000+00:00,2026-03-16T18:39:34.506000+00:00
P3_HIGH_TRIANGLE_001,triangle,26,0.9999999999996021,0.03032549363164635,1.0,0.6606139227709171,22,2026-03-16T18:39:34.554000+00:00,2026-03-16T18:39:35.572000+00:00
P3_HIGH_TRIANGLE_001,triangle,27,0.931702628830139,0.032829940906106365,1.0,0.6341715308491929,22,2026-03-16T18:39:35.620000+00:00,2026-03-16T18:39:36.616000+00:00
P3_HIGH_TRIANGLE_001,triangle,28,0.9982870846177176,0.0346380325597506,1.0,0.6614381452429998,22,2026-03-16T18:39:36.663000+00:00,2026-03-16T18:39:37.658000+00:00
P3_HIGH_TRIANGLE_001,triangle,29,0.9500163008974528,0.03697271861520363,1.0,0.6429469718743024,22,2026-03-16T18:39:37.705000+00:00,2026-03-16T18:39:38.722000+00:00
P3_HIGH_TRIANGLE_001,triangle,30,0.9763963499956544,0.03922485350111534,1.0,0.6542872387236521,20,2026-03-16T18:39:38.773000+00:00,2026-03-16T18:39:39.766000+00:00
P3_HIGH_TRIANGLE_001,triangle,31,0.9965800273597434,0.0425531914893617,1.0,0.663525627965174,21,2026-03-16T18:39:39.818000+00:00,2026-03-16T18:39:40.795000+00:00
P3_HIGH_TRIANGLE_001,triangle,32,0.9989272688260512,0.045228403437358664,1.0,0.665400848733496,22,2026-03-16T18:39:40.843000+00:00,2026-03-16T18:39:41.863000+00:00
P3_HIGH_TRIANGLE_001,triangle,33,0.8955288012625482,0.04923413566739607,1.0,0.625443467988608,21,2026-03-16T18:39:41.910000+00:00,2026-03-16T18:39:42.869000+00:00
P3_HIGH_TRIANGLE_001,triangle,34,0.9965800273599692,0.05316321105794789,1.0,0.6672391348142694,23,2026-03-16T18:39:42.917000+00:00,2026-03-16T18:39:43.958000+00:00
P3_HIGH_TRIANGLE_001,triangle,35,0.9681106882307192,0.05858230814294083,1.0,0.657748083142317,22,2026-03-16T18:39:44.006000+00:00,2026-03-16T18:39:45.005000+00:00
P3_HIGH_TRIANGLE_001,triangle,36,0.9999999999997726,0.038503871778217694,1.0,0.6634763551222853,280,2026-03-16T18:39:45.052000+00:00,2026-03-16T18:39:58.642000+00:00
P3_HIGH_TRIANGLE_001,triangle,37,0.9999999999999432,0.03001000333444481,1.0,0.6605035011670329,22,2026-03-16T18:39:58.690000+00:00,2026-03-16T18:39:59.687000+00:00
P3_HIGH_TRIANGLE_001,triangle,38,0.8857795545404344,0.030148733753182368,1.0,0.6148638786297876,22,2026-03-16T18:39:59.738000+00:00,2026-03-16T18:40:00.741000+00:00
P3_HIGH_TRIANGLE_001,triangle,39,0.9999999999996589,0.03309066843150232,1.0,0.6615817339508894,22,2026-03-16T18:40:00.789000+00:00,2026-03-16T18:40:01.784000+00:00
P3_HIGH_TRIANGLE_001,triangle,40,0.9519832985383601,0.034966393410777424,1.0,0.6430315571091161,21,2026-03-16T18:40:01.831000+00:00,2026-03-16T18:40:02.816000+00:00
P3_HIGH_TRIANGLE_001,triangle,41,0.9812179659501198,0.037216226274655755,1.0,0.6555128655761775,20,2026-03-16T18:40:02.869000+00:00,2026-03-16T18:40:03.859000+00:00
P3_HIGH_TRIANGLE_001,triangle,42,0.903702689318321,0.039906642642061604,1.0,0.62544840065205,20,2026-03-16T18:40:03.910000+00:00,2026-03-16T18:40:04.909000+00:00
P3_HIGH_TRIANGLE_001,triangle,43,0.9999999999997726,0.043308791684712,1.0,0.6651580770895583,25,2026-03-16T18:40:04.961000+00:00,2026-03-16T18:40:06.140000+00:00
P3_HIGH_TRIANGLE_001,triangle,44,0.9999999999998295,0.04614911291149626,1.0,0.6661521895189555,22,2026-03-16T18:40:06.188000+00:00,2026-03-16T18:40:07.196000+00:00
P3_HIGH_TRIANGLE_001,triangle,45,0.998904709747929,0.05122950819672132,1.0,0.6674922117680241,26,2026-03-16T18:40:07.243000+00:00,2026-03-16T18:40:08.444000+00:00
P3_HIGH_TRIANGLE_001,triangle,46,0.9490114464096698,0.05526851285830325,1.0,0.6489485580642741,21,2026-03-16T18:40:08.492000+00:00,2026-03-16T18:40:09.447000+00:00
P3_HIGH_TRIANGLE_001,triangle,47,0.9965800273598563,0.04152397170497846,1.0,0.663165401040685,273,2026-03-16T18:40:09.494000+00:00,2026-03-16T18:40:22.725000+00:00
P3_HIGH_TRIANGLE_001,triangle,48,0.9999999999998863,0.029706891998943757,1.0,0.6603974121995848,22,2026-03-16T18:40:22.772000+00:00,2026-03-16T18:40:23.818000+00:00
P3_HIGH_TRIANGLE_001,triangle,49,1.0,0.029706891998943757,1.0,0.6603974121996303,20,2026-03-16T18:40:23.869000+00:00,2026-03-16T18:40:24.861000+00:00
P3_HIGH_TRIANGLE_001,triangle,50,0.9563080283987162,0.029711171400446573,1.0,0.6429221213496428,19,2026-03-16T18:40:24.917000+00:00,2026-03-16T18:40:25.861000+00:00
P3_HIGH_TRIANGLE_001,triangle,51,0.941992299139924,0.03347450105241804,1.0,0.6385129950243159,20,2026-03-16T18:40:25.912000+00:00,2026-03-16T18:40:26.915000+00:00
P3_HIGH_TRIANGLE_001,triangle,52,0.8991179110029895,0.03544563034145957,1.0,0.6220531350207067,22,2026-03-16T18:40:26.969000+00:00,2026-03-16T18:40:27.995000+00:00
P3_HIGH_TRIANGLE_001,triangle,53,0.9989047097480992,0.03749531308586426,1.0,0.6626852434792923,21,2026-03-16T18:40:28.043000+00:00,2026-03-16T18:40:29.048000+00:00
P3_HIGH_TRIANGLE_001,triangle,54,0.9711175294382532,0.040360554284945505,1.0,0.6525732057750322,22,2026-03-16T18:40:29.094000+00:00,2026-03-16T18:40:30.095000+00:00
P3_HIGH_TRIANGLE_001,triangle,55,0.9945210399075955,0.042881646655231545,1.0,0.6628169922923692,22,2026-03-16T18:40:30.142000+00:00,2026-03-16T18:40:31.136000+00:00
P3_HIGH_TRIANGLE_001,triangle,56,0.9162201656110598,0.046655089292657013,1.0,0.6328173474968539,22,2026-03-16T18:40:31.183000+00:00,2026-03-16T18:40:32.190000+00:00
P3_HIGH_TRIANGLE_001,triangle,57,0.9849902290964401,0.05027652086475616,1.0,0.6615928739412407,20,2026-03-16T18:40:32.241000+00:00,2026-03-16T18:40:33.249000+00:00
P3_HIGH_TRIANGLE_001,triangle,58,0.962074458308357,0.054854635216675794,1.0,0.6540289056491794,20,2026-03-16T18:40:33.300000+00:00,2026-03-16T18:40:34.291000+00:00
P3_HIGH_TRIANGLE_001,triangle,59,0.9999999999998863,0.0668896321070234,1.0,0.6734113712374128,192,2026-03-16T18:40:34.342000+00:00,2026-03-16T18:40:43.797000+00:00
P3_LOW_TRIANGLE_001,triangle,0,0.9999999999998863,0.02916963764827899,1.0,0.6602093731768521,76,2026-03-16T18:34:10.762000+00:00,2026-03-16T18:34:14.695000+00:00
P3_LOW_TRIANGLE_001,triangle,1,0.9038461538460274,0.05761659357895072,1.0,0.6317042692910437,279,2026-03-16T18:34:14.747000+00:00,2026-03-16T18:34:28.291000+00:00
P3_LOW_TRIANGLE_001,triangle,2,0.9999999999999716,0.035704367834331736,1.0,0.6624965287420048,20,2026-03-16T18:34:28.342000+00:00,2026-03-16T18:34:29.347000+00:00
P3_LOW_TRIANGLE_001,triangle,3,0.9999999999998863,0.03556328288615798,1.0,0.6624471490101098,21,2026-03-16T18:34:29.399000+00:00,2026-03-16T18:34:30.418000+00:00
P3_LOW_TRIANGLE_001,triangle,4,0.9999999999999432,0.03396995546161395,1.0,0.6618894844115422,22,2026-03-16T18:34:30.467000+00:00,2026-03-16T18:34:31.468000+00:00
P3_LOW_TRIANGLE_001,triangle,5,0.9999999999999147,0.03377300786160572,1.0,0.661820552751528,22,2026-03-16T18:34:31.515000+00:00,2026-03-16T18:34:32.516000+00:00
P3_LOW_TRIANGLE_001,triangle,6,0.9999999999999432,0.03213597086338642,1.0,0.6612475898021626,22,2026-03-16T18:34:32.564000+00:00,2026-03-16T18:34:33.575000+00:00
P3_LOW_TRIANGLE_001,triangle,7,0.9924922881509236,0.03213367609254499,1.0,0.6582437018927603,22,2026-03-16T18:34:33.622000+00:00,2026-03-16T18:34:34.621000+00:00
P3_LOW_TRIANGLE_001,triangle,8,0.9999999999999716,0.03048057709892641,1.0,0.6606682019846128,21,2026-03-16T18:34:34.668000+00:00,2026-03-16T18:34:35.660000+00:00
P3_LOW_TRIANGLE_001,triangle,9,0.9578174646653617,0.030478512648582753,1.0,0.6437944652931487,22,2026-03-16T18:34:35.706000+00:00,2026-03-16T18:34:36.701000+00:00
P3_LOW_TRIANGLE_001,triangle,10,0.9999999999999432,0.029063196305744828,1.0,0.660172118706988,22,2026-03-16T18:34:36.755000+00:00,2026-03-16T18:34:37.747000+00:00
P3_LOW_TRIANGLE_001,triangle,11,0.9358543295053026,0.029061319383900032,1.0,0.6345131935864861,22,2026-03-16T18:34:37.797000+00:00,2026-03-16T18:34:38.804000+00:00
P3_LOW_TRIANGLE_001,triangle,12,0.9999999999999716,0.027702536321103182,1.0,0.6596958877123748,22,2026-03-16T18:34:38.852000+00:00,2026-03-16T18:34:39.845000+00:00
P3_LOW_TRIANGLE_001,triangle,13,0.8637365186127495,0.027700831024930747,1.0,0.6051898983038255,21,2026-03-16T18:34:39.891000+00:00,2026-03-16T18:34:40.886000+00:00
P3_LOW_TRIANGLE_001,triangle,14,0.9999999999999858,0.026477597010973495,1.0,0.659267158953835,20,2026-03-16T18:34:40.937000+00:00,2026-03-16T18:34:41.926000+00:00
P3_LOW_TRIANGLE_001,triangle,15,0.9813095924322995,0.026469031233456855,1.0,0.6517879979046297,20,2026-03-16T18:34:41.978000+00:00,2026-03-16T18:34:42.975000+00:00
P3_LOW_TRIANGLE_001,triangle,16,0.9999999999999716,0.02530506663667548,1.0,0.658856773322825,20,2026-03-16T18:34:43.028000+00:00,2026-03-16T18:34:44.030000+00:00
P3_LOW_TRIANGLE_001,triangle,17,0.9548121265145992,0.02522492222315648,1.0,0.6407535733839445,20,2026-03-16T18:34:44.081000+00:00,2026-03-16T18:34:45.081000+00:00
P3_LOW_TRIANGLE_001,triangle,18,1.0,0.02427904718228169,1.0,0.6584976665137986,20,2026-03-16T18:34:45.133000+00:00,2026-03-16T18:34:46.126000+00:00
P3_LOW_TRIANGLE_001,triangle,19,0.9209271943082625,0.02416523160177651,1.0,0.6268287087839268,20,2026-03-16T18:34:46.179000+00:00,2026-03-16T18:34:47.183000+00:00
P3_LOW_TRIANGLE_001,triangle,20,1.0,0.023360240870039198,1.0,0.6581760843045137,20,2026-03-16T18:34:47.234000+00:00,2026-03-16T18:34:48.216000+00:00
P3_LOW_TRIANGLE_001,triangle,21,0.9833810888253022,0.023254994538599767,1.0,0.6514916836186309,20,2026-03-16T18:34:48.268000+00:00,2026-03-16T18:34:49.264000+00:00
P3_LOW_TRIANGLE_001,triangle,22,0.9999999999999858,0.022452849017064166,1.0,0.6578584971559669,21,2026-03-16T18:34:49.315000+00:00,2026-03-16T18:34:50.308000+00:00
P3_LOW_TRIANGLE_001,triangle,23,0.9977653631284723,0.022325304492347382,1.0,0.6569200018237105,23,2026-03-16T18:34:50.354000+00:00,2026-03-16T18:34:51.407000+00:00
P3_LOW_TRIANGLE_001,triangle,24,0.9999999999999858,0.02163669583613809,1.0,0.6575728435426427,26,2026-03-16T18:34:51.454000+00:00,2026-03-16T18:34:52.638000+00:00
P3_LOW_TRIANGLE_001,triangle,25,0.9999999999999716,0.02761117332147076,1.0,0.6596639106625034,530,2026-03-16T18:34:52.685000+00:00,2026-03-16T18:35:18.666000+00:00
P3_LOW_TRIANGLE_001,triangle,26,1.0,0.0345330366050188,1.0,0.6620865628117566,22,2026-03-16T18:35:18.712000+00:00,2026-03-16T18:35:19.716000+00:00
P3_LOW_TRIANGLE_001,triangle,27,0.9999999999999574,0.0345330366050188,1.0,0.6620865628117396,22,2026-03-16T18:35:19.764000+00:00,2026-03-16T18:35:20.779000+00:00
P3_LOW_TRIANGLE_001,triangle,28,0.9999999999999716,0.0345330366050188,1.0,0.6620865628117452,22,2026-03-16T18:35:20.826000+00:00,2026-03-16T18:35:21.828000+00:00
P3_LOW_TRIANGLE_001,triangle,29,0.9999999999999716,0.0345330366050188,1.0,0.6620865628117452,22,2026-03-16T18:35:21.875000+00:00,2026-03-16T18:35:22.865000+00:00
P3_LOW_TRIANGLE_001,triangle,30,0.9138525155065311,0.034530386740331494,1.0,0.6276266415617284,21,2026-03-16T18:35:22.912000+00:00,2026-03-16T18:35:23.899000+00:00
P3_LOW_TRIANGLE_001,triangle,31,0.9999999999999432,0.031009888708954974,1.0,0.6608534610481115,22,2026-03-16T18:35:23.946000+00:00,2026-03-16T18:35:24.940000+00:00
P3_LOW_TRIANGLE_001,triangle,32,0.9047816187125206,0.031007751937984496,1.0,0.6227653606633028,23,2026-03-16T18:35:24.988000+00:00,2026-03-16T18:35:26.032000+00:00
P3_LOW_TRIANGLE_001,triangle,33,0.9999999999999432,0.029544037028526416,1.0,0.6603404129599615,21,2026-03-16T18:35:26.080000+00:00,2026-03-16T18:35:27.034000+00:00
P3_LOW_TRIANGLE_001,triangle,34,0.9820265108965429,0.02954209748892172,1.0,0.6531503384797398,22,2026-03-16T18:35:27.081000+00:00,2026-03-16T18:35:28.082000+00:00
P3_LOW_TRIANGLE_001,triangle,35,0.9999999999999716,0.02813115368986966,1.0,0.659845903791443,21,2026-03-16T18:35:28.129000+00:00,2026-03-16T18:35:29.144000+00:00
P3_LOW_TRIANGLE_001,triangle,36,0.9646720135626219,0.02812364175593792,1.0,0.645712080039627,20,2026-03-16T18:35:29.195000+00:00,2026-03-16T18:35:30.180000+00:00
P3_LOW_TRIANGLE_001,triangle,37,1.0,0.026883326363582056,1.0,0.6594091642272537,22,2026-03-16T18:35:30.228000+00:00,2026-03-16T18:35:31.227000+00:00
P3_LOW_TRIANGLE_001,triangle,38,0.9999999999999432,0.02686567164179105,1.0,0.6594029850746042,23,2026-03-16T18:35:31.275000+00:00,2026-03-16T18:35:32.311000+00:00
P3_LOW_TRIANGLE_001,triangle,39,0.9999999999999716,0.025675405814053007,1.0,0.6589863920349073,24,2026-03-16T18:35:32.358000+00:00,2026-03-16T18:35:33.449000+00:00
P3_LOW_TRIANGLE_001,triangle,40,0.9539748953973266,0.025614654687287755,1.0,0.6405550872994814,21,2026-03-16T18:35:33.497000+00:00,2026-03-16T18:35:34.450000+00:00
P3_LOW_TRIANGLE_001,triangle,41,0.9999999999999716,0.024650105447673307,1.0,0.6586275369066743,21,2026-03-16T18:35:34.497000+00:00,2026-03-16T18:35:35.490000+00:00
P3_LOW_TRIANGLE_001,triangle,42,0.9946371111905256,0.024360535931790498,1.0,0.6563810320523369,24,2026-03-16T18:35:35.541000+00:00,2026-03-16T18:35:36.756000+00:00
P3_LOW_TRIANGLE_001,triangle,43,0.9999999999999432,0.023646252069047056,1.0,0.6582761882241437,19,2026-03-16T18:35:36.807000+00:00,2026-03-16T18:35:37.744000+00:00
P3_LOW_TRIANGLE_001,triangle,44,0.9999999999999716,0.023047965376834234,1.0,0.6580667878818807,22,2026-03-16T18:35:37.798000+00:00,2026-03-16T18:35:38.793000+00:00
P3_LOW_TRIANGLE_001,triangle,45,0.9971603700524272,0.022970317245603736,1.0,0.6569037590569322,22,2026-03-16T18:35:38.839000+00:00,2026-03-16T18:35:39.836000+00:00
P3_LOW_TRIANGLE_001,triangle,46,0.9999999999999716,0.022252991791118584,1.0,0.6577885471268802,21,2026-03-16T18:35:39.883000+00:00,2026-03-16T18:35:40.829000+00:00
P3_LOW_TRIANGLE_001,triangle,47,0.9978343259335828,0.022251891410769917,1.0,0.6569218923672027,22,2026-03-16T18:35:40.875000+00:00,2026-03-16T18:35:41.866000+00:00
P3_LOW_TRIANGLE_001,triangle,48,0.9999999999999716,0.026569442189322036,1.0,0.6592993047662514,532,2026-03-16T18:35:41.912000+00:00,2026-03-16T18:36:07.974000+00:00
P3_LOW_TRIANGLE_001,triangle,49,1.0,0.03476111390058322,1.0,0.6621663898652042,22,2026-03-16T18:36:08.021000+00:00,2026-03-16T18:36:09.016000+00:00
P3_LOW_TRIANGLE_001,triangle,50,1.0,0.03476111390058322,1.0,0.6621663898652042,21,2026-03-16T18:36:09.062000+00:00,2026-03-16T18:36:10.013000+00:00
P3_LOW_TRIANGLE_001,triangle,51,1.0,0.03476111390058322,1.0,0.6621663898652042,23,2026-03-16T18:36:10.060000+00:00,2026-03-16T18:36:11.105000+00:00
P3_LOW_TRIANGLE_001,triangle,52,1.0,0.03476111390058322,1.0,0.6621663898652042,20,2026-03-16T18:36:11.152000+00:00,2026-03-16T18:36:12.118000+00:00
P3_LOW_TRIANGLE_001,triangle,53,0.9130583020797357,0.0342583076396026,1.0,0.6272137285057552,23,2026-03-16T18:36:12.169000+00:00,2026-03-16T18:36:13.327000+00:00
P3_LOW_TRIANGLE_001,triangle,54,0.9999999999999716,0.031647795203600816,1.0,0.6610767283212489,20,2026-03-16T18:36:13.381000+00:00,2026-03-16T18:36:14.342000+00:00
P3_LOW_TRIANGLE_001,triangle,55,0.9999999999999716,0.029909817368842424,1.0,0.6604684360790836,177,2026-03-16T18:36:14.389000+00:00,2026-03-16T18:36:22.831000+00:00
P3_MID_TRIANGLE_001,triangle,0,0.9949748743719014,0.07331378299120231,1.0,0.6736497737956814,353,2026-03-16T18:36:21.270000+00:00,2026-03-16T18:36:38.351000+00:00
P3_MID_TRIANGLE_001,triangle,1,0.9999999999998863,0.0721905831394882,1.0,0.6752667040987754,21,2026-03-16T18:36:38.403000+00:00,2026-03-16T18:36:39.391000+00:00
P3_MID_TRIANGLE_001,triangle,2,0.9999999999998863,0.0721905831394882,1.0,0.6752667040987754,22,2026-03-16T18:36:39.440000+00:00,2026-03-16T18:36:40.444000+00:00
P3_MID_TRIANGLE_001,triangle,3,0.9034031058682938,0.07229311572375263,1.0,0.6366638328506309,22,2026-03-16T18:36:40.492000+00:00,2026-03-16T18:36:41.494000+00:00
P3_MID_TRIANGLE_001,triangle,4,0.9154149522330833,0.1008064516129032,1.0,0.6514482389577495,22,2026-03-16T18:36:41.541000+00:00,2026-03-16T18:36:42.548000+00:00
P3_MID_TRIANGLE_001,triangle,5,0.9838187702263838,0.12339754575992327,1.0,0.6867166491065266,22,2026-03-16T18:36:42.595000+00:00,2026-03-16T18:36:43.609000+00:00
P3_MID_TRIANGLE_001,triangle,6,0.9743589743589062,0.15200135112312105,1.0,0.6929440626366549,21,2026-03-16T18:36:43.656000+00:00,2026-03-16T18:36:44.664000+00:00
P3_MID_TRIANGLE_001,triangle,7,0.938396176314513,0.20449897750511245,1.0,0.6969331126525946,21,2026-03-16T18:36:44.712000+00:00,2026-03-16T18:36:45.665000+00:00
P3_MID_TRIANGLE_001,triangle,8,0.9988574040219063,0.3058103975535165,1.0,0.7565766007524933,22,2026-03-16T18:36:45.713000+00:00,2026-03-16T18:36:46.717000+00:00
P3_MID_TRIANGLE_001,triangle,9,0.9999999999996589,0.6249999999999994,1.0,0.8687499999998634,22,2026-03-16T18:36:46.763000+00:00,2026-03-16T18:36:47.807000+00:00
P3_MID_TRIANGLE_001,triangle,10,0.9940581018439214,0.4358353510895877,1.0,0.8001656136189244,22,2026-03-16T18:36:47.853000+00:00,2026-03-16T18:36:48.850000+00:00
P3_MID_TRIANGLE_001,triangle,11,0.9936559016027945,0.26666666666666666,1.0,0.7407956939744511,20,2026-03-16T18:36:48.897000+00:00,2026-03-16T18:36:49.869000+00:00
P3_MID_TRIANGLE_001,triangle,12,0.9990490680867173,0.1805152890979706,1.0,0.7127999784189767,20,2026-03-16T18:36:49.921000+00:00,2026-03-16T18:36:50.910000+00:00
P3_MID_TRIANGLE_001,triangle,13,0.9988574040219063,0.1394700139470015,1.0,0.698357466490213,22,2026-03-16T18:36:50.964000+00:00,2026-03-16T18:36:51.974000+00:00
P3_MID_TRIANGLE_001,triangle,14,0.9999999999997726,0.1072961373390558,1.0,0.6875536480685787,26,2026-03-16T18:36:52.022000+00:00,2026-03-16T18:36:53.210000+00:00
P3_MID_TRIANGLE_001,triangle,15,0.952768497656121,0.09505703422053235,1.0,0.6643773610396347,22,2026-03-16T18:36:53.257000+00:00,2026-03-16T18:36:54.252000+00:00
P3_MID_TRIANGLE_001,triangle,16,0.9999999999998295,0.07980878138440023,1.0,0.6779330734844718,21,2026-03-16T18:36:54.302000+00:00,2026-03-16T18:36:55.257000+00:00
P3_MID_TRIANGLE_001,triangle,17,0.9980037927936874,0.07031624553864732,1.0,0.6738122030560015,21,2026-03-16T18:36:55.305000+00:00,2026-03-16T18:36:56.272000+00:00
P3_MID_TRIANGLE_001,triangle,18,0.984724833560122,0.06313131313131312,1.0,0.6659858930200084,20,2026-03-16T18:36:56.324000+00:00,2026-03-16T18:36:57.323000+00:00
P3_MID_TRIANGLE_001,triangle,19,0.9735399735399687,0.05695203085764581,1.0,0.6593492002161635,19,2026-03-16T18:36:57.374000+00:00,2026-03-16T18:36:58.322000+00:00
P3_MID_TRIANGLE_001,triangle,20,0.9768000000000734,0.05159958720330236,1.0,0.6587798555211852,21,2026-03-16T18:36:58.374000+00:00,2026-03-16T18:36:59.366000+00:00
P3_MID_TRIANGLE_001,triangle,21,0.9271212892530378,0.04823926676314521,1.0,0.6377322590683159,22,2026-03-16T18:36:59.414000+00:00,2026-03-16T18:37:00.414000+00:00
P3_MID_TRIANGLE_001,triangle,22,0.9074818986323437,0.0447647814212592,1.0,0.6286604329503782,21,2026-03-16T18:37:00.460000+00:00,2026-03-16T18:37:01.413000+00:00
P3_MID_TRIANGLE_001,triangle,23,0.9754519080561165,0.041425020712510356,1.0,0.6546795204718252,22,2026-03-16T18:37:01.461000+00:00,2026-03-16T18:37:02.457000+00:00
P3_MID_TRIANGLE_001,triangle,24,0.9742836149890243,0.09212430267020888,1.0,0.6719569519301829,536,2026-03-16T18:37:02.503000+00:00,2026-03-16T18:37:28.656000+00:00
P3_MID_TRIANGLE_001,triangle,25,1.0,0.07021376189733183,1.0,0.6745748166640662,22,2026-03-16T18:37:28.711000+00:00,2026-03-16T18:37:29.724000+00:00
P3_MID_TRIANGLE_001,triangle,26,0.8200061274507129,0.07027955645791034,1.0,0.6026002957405538,21,2026-03-16T18:37:29.771000+00:00,2026-03-16T18:37:30.759000+00:00
P3_MID_TRIANGLE_001,triangle,27,0.9530265843686005,0.08972999428990942,1.0,0.6626161317489085,22,2026-03-16T18:37:30.816000+00:00,2026-03-16T18:37:31.818000+00:00
P3_MID_TRIANGLE_001,triangle,28,0.9977653631283591,0.10830858099348506,1.0,0.6870141485990634,22,2026-03-16T18:37:31.865000+00:00,2026-03-16T18:37:32.878000+00:00
P3_MID_TRIANGLE_001,triangle,29,0.9966278651146668,0.12870012870012865,1.0,0.6936961910909119,22,2026-03-16T18:37:32.926000+00:00,2026-03-16T18:37:33.923000+00:00
P3_MID_TRIANGLE_001,triangle,30,0.9806987193491693,0.16816143497757852,1.0,0.7011359899818203,22,2026-03-16T18:37:33.969000+00:00,2026-03-16T18:37:34.972000+00:00
P3_MID_TRIANGLE_001,triangle,31,0.9825900225390107,0.22935779816513766,1.0,0.7233112383734025,22,2026-03-16T18:37:35.019000+00:00,2026-03-16T18:37:36.035000+00:00
P3_MID_TRIANGLE_001,triangle,32,0.9954929577464533,0.36363636363636365,1.0,0.7754699103713085,21,2026-03-16T18:37:36.088000+00:00,2026-03-16T18:37:37.048000+00:00
P3_MID_TRIANGLE_001,triangle,33,0.9999999999997726,1.0,1.0,0.9999999999999091,23,2026-03-16T18:37:37.096000+00:00,2026-03-16T18:37:38.147000+00:00
P3_MID_TRIANGLE_001,triangle,34,0.9893684881989471,0.3717472118959111,1.0,0.7758589194431478,21,2026-03-16T18:37:38.194000+00:00,2026-03-16T18:37:39.149000+00:00
P3_MID_TRIANGLE_001,triangle,35,0.9912402386829892,0.23094688221709017,1.0,0.7273275042491772,22,2026-03-16T18:37:39.197000+00:00,2026-03-16T18:37:40.191000+00:00
P3_MID_TRIANGLE_001,triangle,36,0.9989047097479857,0.15673981191222555,1.0,0.7044208180684732,22,2026-03-16T18:37:40.239000+00:00,2026-03-16T18:37:41.240000+00:00
P3_MID_TRIANGLE_001,triangle,37,0.9346189491067443,0.12753541039993307,1.0,0.6684849732826743,20,2026-03-16T18:37:41.289000+00:00,2026-03-16T18:37:42.284000+00:00
P3_MID_TRIANGLE_001,triangle,38,0.863610532298291,0.10741138560687434,1.0,0.6330381978817224,21,2026-03-16T18:37:42.335000+00:00,2026-03-16T18:37:43.333000+00:00
P3_MID_TRIANGLE_001,triangle,39,0.9520801568283987,0.08893280632411067,1.0,0.6619585449447982,23,2026-03-16T18:37:43.380000+00:00,2026-03-16T18:37:44.428000+00:00
P3_MID_TRIANGLE_001,triangle,40,0.9943130118290601,0.07797608733321781,1.0,0.6750168352982503,22,2026-03-16T18:37:44.475000+00:00,2026-03-16T18:37:45.472000+00:00
P3_MID_TRIANGLE_001,triangle,41,0.9619184162037765,0.06934812760055481,1.0,0.6590392111417047,22,2026-03-16T18:37:45.518000+00:00,2026-03-16T18:37:46.524000+00:00
P3_MID_TRIANGLE_001,triangle,42,0.9999999999995737,0.06174957118353344,1.0,0.6716123499140663,22,2026-03-16T18:37:46.572000+00:00,2026-03-16T18:37:47.574000+00:00
P3_MID_TRIANGLE_001,triangle,43,0.9670488399387965,0.056148231330713075,1.0,0.6564714169412682,20,2026-03-16T18:37:47.621000+00:00,2026-03-16T18:37:48.601000+00:00
P3_MID_TRIANGLE_001,triangle,44,0.9941899740227621,0.050891762474264954,1.0,0.6654881064750976,20,2026-03-16T18:37:48.652000+00:00,2026-03-16T18:37:49.646000+00:00
P3_MID_TRIANGLE_001,triangle,45,0.9999999999999432,0.04746084480303749,1.0,0.6666112956810404,20,2026-03-16T18:37:49.698000+00:00,2026-03-16T18:37:50.701000+00:00
P3_MID_TRIANGLE_001,triangle,46,0.9870991522299062,0.04397537379067723,1.0,0.6602310417186995,20,2026-03-16T18:37:50.753000+00:00,2026-03-16T18:37:51.726000+00:00
P3_MID_TRIANGLE_001,triangle,47,0.9999999999995453,0.04084967320261437,1.0,0.6642973856207331,23,2026-03-16T18:37:51.773000+00:00,2026-03-16T18:37:52.812000+00:00
P3_MID_TRIANGLE_001,triangle,48,0.9954452288772926,0.08812180391563453,1.0,0.6790207229213892,537,2026-03-16T18:37:52.860000+00:00,2026-03-16T18:38:19.002000+00:00
P3_MID_TRIANGLE_001,triangle,49,0.9999999999998863,0.07638122719171686,1.0,0.6767334295170555,22,2026-03-16T18:38:19.049000+00:00,2026-03-16T18:38:20.043000+00:00
P3_MID_TRIANGLE_001,triangle,50,0.950495049505173,0.07740603767093834,1.0,0.6572901329868976,22,2026-03-16T18:38:20.091000+00:00,2026-03-16T18:38:21.100000+00:00
P3_MID_TRIANGLE_001,triangle,51,0.9943130118289477,0.09469696969696974,1.0,0.6808691441255186,22,2026-03-16T18:38:21.146000+00:00,2026-03-16T18:38:22.141000+00:00
P3_MID_TRIANGLE_001,triangle,52,0.9616114277404637,0.11672738848997206,1.0,0.6754991570676757,22,2026-03-16T18:38:22.187000+00:00,2026-03-16T18:38:23.184000+00:00
P3_MID_TRIANGLE_001,triangle,53,0.9972072239806234,0.14100957155879673,1.0,0.6982362396378282,21,2026-03-16T18:38:23.233000+00:00,2026-03-16T18:38:24.274000+00:00
P3_MID_TRIANGLE_001,triangle,54,1.0,0.25974025974025966,1.0,0.740909090909091,189,2026-03-16T18:38:24.326000+00:00,2026-03-16T18:38:33.379000+00:00
P4_MID_SINE_LOW_001,sine,0,0.9999999999998863,0.05194348653601216,1.0,0.6681802202875589,121,2026-03-16T18:40:42.272000+00:00,2026-03-16T18:40:48.234000+00:00
P4_MID_SINE_LOW_001,sine,1,0.9999999999998863,0.752351097178686,1.0,0.9133228840124946,1005,2026-03-16T18:40:48.280000+00:00,2026-03-16T18:41:37.332000+00:00
P4_MID_SINE_LOW_001,sine,2,0.9999999999998863,0.6666666666666666,1.0,0.8833333333332879,1023,2026-03-16T18:41:37.384000+00:00,2026-03-16T18:42:27.531000+00:00
P4_MID_SINE_LOW_001,sine,3,0.9999999999998863,0.5571030640668518,1.0,0.8449860724233527,1028,2026-03-16T18:42:27.585000+00:00,2026-03-16T18:43:17.994000+00:00
P4_MID_SINE_LOW_001,sine,4,0.9999999999998863,0.27800593921779315,1.0,0.7473020787261822,753,2026-03-16T18:43:18.046000+00:00,2026-03-16T18:43:54.591000+00:00
P4_MID_SINE_MED_001,sine,0,0.9999999999999432,0.16892900715815337,1.0,0.7091251525053309,102,2026-03-16T18:43:53.034000+00:00,2026-03-16T18:43:57.980000+00:00
P4_MID_SINE_MED_001,sine,1,0.9999999999997726,0.7905138339920945,1.0,0.9266798418971421,503,2026-03-16T18:43:58.033000+00:00,2026-03-16T18:44:22.859000+00:00
P4_MID_SINE_MED_001,sine,2,0.9999999999997726,0.7698588592091419,1.0,0.9194506007231087,518,2026-03-16T18:44:22.905000+00:00,2026-03-16T18:44:48.047000+00:00
P4_MID_SINE_MED_001,sine,3,0.999999999999261,0.6369426751592355,1.0,0.8729299363054368,516,2026-03-16T18:44:48.103000+00:00,2026-03-16T18:45:13.193000+00:00
P4_MID_SINE_MED_001,sine,4,0.9999999999998863,0.6589676173994058,1.0,0.8806386660897465,495,2026-03-16T18:45:13.245000+00:00,2026-03-16T18:45:37.326000+00:00
P4_MID_SINE_MED_001,sine,5,0.9999999999997726,0.5789812269723386,1.0,0.8526434294402276,518,2026-03-16T18:45:37.373000+00:00,2026-03-16T18:46:02.531000+00:00
P4_MID_SINE_MED_001,sine,6,0.9999999999997726,0.7349529518754266,1.0,0.9072335331563084,519,2026-03-16T18:46:02.577000+00:00,2026-03-16T18:46:27.673000+00:00
P4_MID_SINE_MED_001,sine,7,0.9999999999997726,0.8230452674897144,1.0,0.9380658436213092,516,2026-03-16T18:46:27.725000+00:00,2026-03-16T18:46:52.829000+00:00
P4_MID_SINE_MED_001,sine,8,0.9999999999997726,0.11383039271485482,1.0,0.6898406374501083,255,2026-03-16T18:46:52.881000+00:00,2026-03-16T18:47:05.158000+00:00
